{"train/loss": 8.4121, "train/learning_rate": 4.5e-07, "train/epoch": 0.64, "train/global_step": 10, "_timestamp": 1673109010.322084, "_runtime": 46.19575786590576, "_step": 1, "_wandb": {"runtime": 87}}