{"train/train_runtime": 10.2884, "train/train_samples_per_second": 4.86, "train/train_steps_per_second": 0.097, "train/total_flos": 83612545843200.0, "train/train_loss": 8.3988037109375, "train/epoch": 0.62, "train/global_step": 1, "_timestamp": 1673111481.5676434, "_runtime": 10.271990299224854, "_step": 0, "_wandb": {"runtime": 93}}