{"train/loss": 7.1491, "train/learning_rate": 2.825806451612903e-05, "train/epoch": 0.32, "train/global_step": 10, "_timestamp": 1673092898.0087733, "_runtime": 45.313706398010254, "_step": 1, "_wandb": {"runtime": 74}}