{"train/loss": 8.4121, "train/learning_rate": 5.000000000000001e-07, "train/epoch": 0.64, "train/global_step": 10, "_timestamp": 1673108691.3371544, "_runtime": 46.187908411026, "_step": 1, "_wandb": {"runtime": 173}}