{"train/train_runtime": 9.5972, "train/train_samples_per_second": 5.21, "train/train_steps_per_second": 0.104, "train/total_flos": 83612545843200.0, "train/train_loss": 8.3988037109375, "train/epoch": 0.62, "train/global_step": 1, "_timestamp": 1673111897.2613323, "_runtime": 12.258296251296997, "_step": 1, "exact_match": 0.0, "f1": 0.47730147475955925, "_wandb": {"runtime": 11}}