{"train/loss": 8.4122, "train/learning_rate": 5.000000000000001e-07, "train/epoch": 0.64, "train/global_step": 10, "_timestamp": 1673108533.5839093, "_runtime": 46.1835663318634, "_step": 1, "_wandb": {"runtime": 122}}