{"train/loss": 8.412, "train/learning_rate": 5.000000000000001e-07, "train/epoch": 0.64, "train/global_step": 10, "_timestamp": 1673108020.8932185, "_runtime": 46.162755489349365, "_step": 1, "_wandb": {"runtime": 126}}