{"train/train_runtime": 9.5321, "train/train_samples_per_second": 5.245, "train/train_steps_per_second": 0.105, "train/total_flos": 83612545843200.0, "train/train_loss": 8.3988037109375, "train/epoch": 0.62, "train/global_step": 1, "_timestamp": 1673111792.7760491, "_runtime": 9.524774074554443, "_step": 0, "_wandb": {"runtime": 19}}